{
  "experiment": "ensemble_artifact_aligned",
  "timestamp": "20260103_121704",
  "config": {
    "dataset_size": 10000,
    "noise_rate": 0.1
  },
  "results": {
    "Max (LLM, kNN)": {
      "name": "Max (LLM, kNN)",
      "auroc": 0.6421976666666667,
      "auprc": 0.20070104486381823,
      "precision_at_k": 0.279,
      "tnr_at_95": 0.07099999999999995
    },
    "Ensemble (\u03b1=0.3)": {
      "name": "Ensemble (\u03b1=0.3)",
      "auroc": 0.6192413888888888,
      "auprc": 0.20562002144348562,
      "precision_at_k": 0.255,
      "tnr_at_95": 0.025666666666666615
    },
    "Ensemble (\u03b1=0.5)": {
      "name": "Ensemble (\u03b1=0.5)",
      "auroc": 0.6131962222222223,
      "auprc": 0.20441213024047766,
      "precision_at_k": 0.252,
      "tnr_at_95": 0.045222222222222275
    },
    "Input kNN": {
      "name": "Input kNN",
      "auroc": 0.6074558888888889,
      "auprc": 0.1917906533888455,
      "precision_at_k": 0.252,
      "tnr_at_95": 0.013333333333333308
    },
    "Ensemble (\u03b1=0.7)": {
      "name": "Ensemble (\u03b1=0.7)",
      "auroc": 0.5982998888888889,
      "auprc": 0.20105145595980137,
      "precision_at_k": 0.248,
      "tnr_at_95": 0.06499999999999995
    },
    "Product (LLM \u00d7 kNN)": {
      "name": "Product (LLM \u00d7 kNN)",
      "auroc": 0.5847845,
      "auprc": 0.19827209257519574,
      "precision_at_k": 0.247,
      "tnr_at_95": 0.02722222222222226
    },
    "LLM Mismatch": {
      "name": "LLM Mismatch",
      "auroc": 0.5773736111111111,
      "auprc": 0.15481477121240975,
      "precision_at_k": 0.285,
      "tnr_at_95": 0.0
    }
  }
}