{
  "experiment": "multinli_uniform_training_baselines",
  "timestamp": "20260218_130359",
  "config": {
    "dataset": "multinli",
    "n_train": 500,
    "noise_type": "uniform",
    "noise_rate": 0.1,
    "seeds": [
      42
    ],
    "epochs": 1,
    "model": "roberta-base",
    "num_labels": 3
  },
  "results_by_seed": {
    "42": {
      "Cleanlab": {
        "auroc": 0.49808888888888886,
        "auprc": 0.14969120859219864,
        "tnr_at_95": 0.05555555555555558
      },
      "High-Loss": {
        "auroc": 0.49808888888888886,
        "auprc": 0.14969120859219864,
        "tnr_at_95": 0.05555555555555558
      },
      "Margin": {
        "auroc": 0.4964444444444444,
        "auprc": 0.15229637820465558,
        "tnr_at_95": 0.06444444444444442
      },
      "Entropy": {
        "auroc": 0.5148,
        "auprc": 0.10567640184806526,
        "tnr_at_95": 0.033333333333333326
      },
      "AUM": {
        "auroc": 0.5129777777777778,
        "auprc": 0.1056703330077284,
        "tnr_at_95": 0.06222222222222218
      },
      "Classifier kNN": {
        "auroc": 0.5528222222222223,
        "auprc": 0.11268668904600536,
        "tnr_at_95": 0.020000000000000018
      },
      "NRG": {
        "auroc": 0.46737777777777784,
        "auprc": 0.08992198003189483,
        "tnr_at_95": 0.03555555555555556
      },
      "Random": {
        "auroc": 0.5312444444444445,
        "auprc": 0.11804765527594085,
        "tnr_at_95": 0.022222222222222254
      }
    }
  },
  "aggregated": {
    "AUM": {
      "auroc": {
        "mean": 0.5129777777777778,
        "std": 0.0,
        "n": 1
      },
      "auprc": {
        "mean": 0.1056703330077284,
        "std": 0.0,
        "n": 1
      },
      "tnr_at_95": {
        "mean": 0.06222222222222218,
        "std": 0.0,
        "n": 1
      }
    },
    "Classifier kNN": {
      "auroc": {
        "mean": 0.5528222222222223,
        "std": 0.0,
        "n": 1
      },
      "auprc": {
        "mean": 0.11268668904600536,
        "std": 0.0,
        "n": 1
      },
      "tnr_at_95": {
        "mean": 0.020000000000000018,
        "std": 0.0,
        "n": 1
      }
    },
    "Cleanlab": {
      "auroc": {
        "mean": 0.49808888888888886,
        "std": 0.0,
        "n": 1
      },
      "auprc": {
        "mean": 0.14969120859219864,
        "std": 0.0,
        "n": 1
      },
      "tnr_at_95": {
        "mean": 0.05555555555555558,
        "std": 0.0,
        "n": 1
      }
    },
    "Entropy": {
      "auroc": {
        "mean": 0.5148,
        "std": 0.0,
        "n": 1
      },
      "auprc": {
        "mean": 0.10567640184806526,
        "std": 0.0,
        "n": 1
      },
      "tnr_at_95": {
        "mean": 0.033333333333333326,
        "std": 0.0,
        "n": 1
      }
    },
    "High-Loss": {
      "auroc": {
        "mean": 0.49808888888888886,
        "std": 0.0,
        "n": 1
      },
      "auprc": {
        "mean": 0.14969120859219864,
        "std": 0.0,
        "n": 1
      },
      "tnr_at_95": {
        "mean": 0.05555555555555558,
        "std": 0.0,
        "n": 1
      }
    },
    "Margin": {
      "auroc": {
        "mean": 0.4964444444444444,
        "std": 0.0,
        "n": 1
      },
      "auprc": {
        "mean": 0.15229637820465558,
        "std": 0.0,
        "n": 1
      },
      "tnr_at_95": {
        "mean": 0.06444444444444442,
        "std": 0.0,
        "n": 1
      }
    },
    "NRG": {
      "auroc": {
        "mean": 0.46737777777777784,
        "std": 0.0,
        "n": 1
      },
      "auprc": {
        "mean": 0.08992198003189483,
        "std": 0.0,
        "n": 1
      },
      "tnr_at_95": {
        "mean": 0.03555555555555556,
        "std": 0.0,
        "n": 1
      }
    },
    "Random": {
      "auroc": {
        "mean": 0.5312444444444445,
        "std": 0.0,
        "n": 1
      },
      "auprc": {
        "mean": 0.11804765527594085,
        "std": 0.0,
        "n": 1
      },
      "tnr_at_95": {
        "mean": 0.022222222222222254,
        "std": 0.0,
        "n": 1
      }
    }
  },
  "total_time_seconds": 120.69456028938293
}