{
  "experiment": "sst2_uniform_training_baselines",
  "timestamp": "20260218_130023",
  "config": {
    "dataset": "sst2",
    "n_train": 500,
    "noise_type": "uniform",
    "noise_rate": 0.1,
    "seeds": [
      42
    ],
    "epochs": 1,
    "model": "roberta-base",
    "num_labels": 2
  },
  "results_by_seed": {
    "42": {
      "Cleanlab": {
        "auroc": 0.5302666666666667,
        "auprc": 0.1276093266774982,
        "tnr_at_95": 0.04222222222222227
      },
      "High-Loss": {
        "auroc": 0.5302666666666667,
        "auprc": 0.1276093266774982,
        "tnr_at_95": 0.04222222222222227
      },
      "Margin": {
        "auroc": 0.5302666666666667,
        "auprc": 0.1276093266774982,
        "tnr_at_95": 0.04222222222222227
      },
      "Entropy": {
        "auroc": 0.5104444444444445,
        "auprc": 0.10827912020303346,
        "tnr_at_95": 0.03111111111111109
      },
      "AUM": {
        "auroc": 0.628711111111111,
        "auprc": 0.26884356819478405,
        "tnr_at_95": 0.0755555555555556
      },
      "Classifier kNN": {
        "auroc": 0.7579777777777779,
        "auprc": 0.35743390080921694,
        "tnr_at_95": 0.3044444444444444
      },
      "NRG": {
        "auroc": 0.5577333333333333,
        "auprc": 0.15491649053366358,
        "tnr_at_95": 0.07777777777777772
      },
      "Random": {
        "auroc": 0.5312444444444445,
        "auprc": 0.11804765527594085,
        "tnr_at_95": 0.022222222222222254
      }
    }
  },
  "aggregated": {
    "AUM": {
      "auroc": {
        "mean": 0.628711111111111,
        "std": 0.0,
        "n": 1
      },
      "auprc": {
        "mean": 0.26884356819478405,
        "std": 0.0,
        "n": 1
      },
      "tnr_at_95": {
        "mean": 0.0755555555555556,
        "std": 0.0,
        "n": 1
      }
    },
    "Classifier kNN": {
      "auroc": {
        "mean": 0.7579777777777779,
        "std": 0.0,
        "n": 1
      },
      "auprc": {
        "mean": 0.35743390080921694,
        "std": 0.0,
        "n": 1
      },
      "tnr_at_95": {
        "mean": 0.3044444444444444,
        "std": 0.0,
        "n": 1
      }
    },
    "Cleanlab": {
      "auroc": {
        "mean": 0.5302666666666667,
        "std": 0.0,
        "n": 1
      },
      "auprc": {
        "mean": 0.1276093266774982,
        "std": 0.0,
        "n": 1
      },
      "tnr_at_95": {
        "mean": 0.04222222222222227,
        "std": 0.0,
        "n": 1
      }
    },
    "Entropy": {
      "auroc": {
        "mean": 0.5104444444444445,
        "std": 0.0,
        "n": 1
      },
      "auprc": {
        "mean": 0.10827912020303346,
        "std": 0.0,
        "n": 1
      },
      "tnr_at_95": {
        "mean": 0.03111111111111109,
        "std": 0.0,
        "n": 1
      }
    },
    "High-Loss": {
      "auroc": {
        "mean": 0.5302666666666667,
        "std": 0.0,
        "n": 1
      },
      "auprc": {
        "mean": 0.1276093266774982,
        "std": 0.0,
        "n": 1
      },
      "tnr_at_95": {
        "mean": 0.04222222222222227,
        "std": 0.0,
        "n": 1
      }
    },
    "Margin": {
      "auroc": {
        "mean": 0.5302666666666667,
        "std": 0.0,
        "n": 1
      },
      "auprc": {
        "mean": 0.1276093266774982,
        "std": 0.0,
        "n": 1
      },
      "tnr_at_95": {
        "mean": 0.04222222222222227,
        "std": 0.0,
        "n": 1
      }
    },
    "NRG": {
      "auroc": {
        "mean": 0.5577333333333333,
        "std": 0.0,
        "n": 1
      },
      "auprc": {
        "mean": 0.15491649053366358,
        "std": 0.0,
        "n": 1
      },
      "tnr_at_95": {
        "mean": 0.07777777777777772,
        "std": 0.0,
        "n": 1
      }
    },
    "Random": {
      "auroc": {
        "mean": 0.5312444444444445,
        "std": 0.0,
        "n": 1
      },
      "auprc": {
        "mean": 0.11804765527594085,
        "std": 0.0,
        "n": 1
      },
      "tnr_at_95": {
        "mean": 0.022222222222222254,
        "std": 0.0,
        "n": 1
      }
    }
  },
  "total_time_seconds": 40.674445390701294
}