{
  "experiment": "sst2_uniform_training_baselines",
  "timestamp": "20260218_140554",
  "config": {
    "dataset": "sst2",
    "n_train": 500,
    "noise_type": "uniform",
    "noise_rate": 0.1,
    "seeds": [
      42
    ],
    "epochs": 1,
    "model": "roberta-base",
    "num_labels": 2
  },
  "results_by_seed": {
    "42": {
      "Cleanlab": {
        "auroc": 0.5146222222222222,
        "auprc": 0.11998364620673135,
        "tnr_at_95": 0.008888888888888835
      },
      "High-Loss": {
        "auroc": 0.5146222222222222,
        "auprc": 0.11998364620673135,
        "tnr_at_95": 0.008888888888888835
      },
      "Margin": {
        "auroc": 0.5146222222222222,
        "auprc": 0.11998364620673135,
        "tnr_at_95": 0.008888888888888835
      },
      "Entropy": {
        "auroc": 0.5146222222222222,
        "auprc": 0.11512364980632775,
        "tnr_at_95": 0.013333333333333308
      },
      "AUM": {
        "auroc": 0.5900444444444445,
        "auprc": 0.19686418287144503,
        "tnr_at_95": 0.14888888888888885
      },
      "Classifier kNN": {
        "auroc": 0.6384222222222222,
        "auprc": 0.24281947313385757,
        "tnr_at_95": 0.06444444444444442
      },
      "NRG": {
        "auroc": 0.5216888888888889,
        "auprc": 0.1230522756099797,
        "tnr_at_95": 0.015555555555555545
      },
      "Random": {
        "auroc": 0.5312444444444445,
        "auprc": 0.11804765527594085,
        "tnr_at_95": 0.022222222222222254
      }
    }
  },
  "aggregated": {
    "AUM": {
      "auroc": {
        "mean": 0.5900444444444445,
        "std": 0.0,
        "n": 1
      },
      "auprc": {
        "mean": 0.19686418287144503,
        "std": 0.0,
        "n": 1
      },
      "tnr_at_95": {
        "mean": 0.14888888888888885,
        "std": 0.0,
        "n": 1
      }
    },
    "Classifier kNN": {
      "auroc": {
        "mean": 0.6384222222222222,
        "std": 0.0,
        "n": 1
      },
      "auprc": {
        "mean": 0.24281947313385757,
        "std": 0.0,
        "n": 1
      },
      "tnr_at_95": {
        "mean": 0.06444444444444442,
        "std": 0.0,
        "n": 1
      }
    },
    "Cleanlab": {
      "auroc": {
        "mean": 0.5146222222222222,
        "std": 0.0,
        "n": 1
      },
      "auprc": {
        "mean": 0.11998364620673135,
        "std": 0.0,
        "n": 1
      },
      "tnr_at_95": {
        "mean": 0.008888888888888835,
        "std": 0.0,
        "n": 1
      }
    },
    "Entropy": {
      "auroc": {
        "mean": 0.5146222222222222,
        "std": 0.0,
        "n": 1
      },
      "auprc": {
        "mean": 0.11512364980632775,
        "std": 0.0,
        "n": 1
      },
      "tnr_at_95": {
        "mean": 0.013333333333333308,
        "std": 0.0,
        "n": 1
      }
    },
    "High-Loss": {
      "auroc": {
        "mean": 0.5146222222222222,
        "std": 0.0,
        "n": 1
      },
      "auprc": {
        "mean": 0.11998364620673135,
        "std": 0.0,
        "n": 1
      },
      "tnr_at_95": {
        "mean": 0.008888888888888835,
        "std": 0.0,
        "n": 1
      }
    },
    "Margin": {
      "auroc": {
        "mean": 0.5146222222222222,
        "std": 0.0,
        "n": 1
      },
      "auprc": {
        "mean": 0.11998364620673135,
        "std": 0.0,
        "n": 1
      },
      "tnr_at_95": {
        "mean": 0.008888888888888835,
        "std": 0.0,
        "n": 1
      }
    },
    "NRG": {
      "auroc": {
        "mean": 0.5216888888888889,
        "std": 0.0,
        "n": 1
      },
      "auprc": {
        "mean": 0.1230522756099797,
        "std": 0.0,
        "n": 1
      },
      "tnr_at_95": {
        "mean": 0.015555555555555545,
        "std": 0.0,
        "n": 1
      }
    },
    "Random": {
      "auroc": {
        "mean": 0.5312444444444445,
        "std": 0.0,
        "n": 1
      },
      "auprc": {
        "mean": 0.11804765527594085,
        "std": 0.0,
        "n": 1
      },
      "tnr_at_95": {
        "mean": 0.022222222222222254,
        "std": 0.0,
        "n": 1
      }
    }
  },
  "total_time_seconds": 36.695821046829224
}