{
  "experiment": "multinli_uniform_training_baselines",
  "timestamp": "20260218_190116",
  "config": {
    "dataset": "multinli",
    "n_train": 25000,
    "noise_type": "uniform",
    "noise_rate": 0.1,
    "seeds": [
      42,
      123,
      456,
      789,
      1024
    ],
    "epochs": 3,
    "model": "roberta-base",
    "num_labels": 3
  },
  "results_by_seed": {
    "42": {
      "Cleanlab": {
        "auroc": 0.9399709066666667,
        "auprc": 0.6945763271374498,
        "tnr_at_95": 0.7248444444444444
      },
      "High-Loss": {
        "auroc": 0.9399709066666667,
        "auprc": 0.6945763271374498,
        "tnr_at_95": 0.7248444444444444
      },
      "Margin": {
        "auroc": 0.9336089777777777,
        "auprc": 0.6502687024725485,
        "tnr_at_95": 0.7199111111111112
      },
      "Entropy": {
        "auroc": 0.5045409422222222,
        "auprc": 0.10064290647836739,
        "tnr_at_95": 0.05520000000000003
      },
      "AUM": {
        "auroc": 0.9332334133333333,
        "auprc": 0.6769923571128533,
        "tnr_at_95": 0.6650666666666667
      },
      "Classifier kNN": {
        "auroc": 0.9104278844444444,
        "auprc": 0.589666792804596,
        "tnr_at_95": 0.22644444444444445
      },
      "NRG": {
        "auroc": 0.9402851022222223,
        "auprc": 0.6956364495070156,
        "tnr_at_95": 0.7243999999999999
      },
      "Random": {
        "auroc": 0.5068633777777778,
        "auprc": 0.10197470164757273,
        "tnr_at_95": 0.051066666666666705
      }
    },
    "123": {
      "Cleanlab": {
        "auroc": 0.9337150133333333,
        "auprc": 0.6667402322441991,
        "tnr_at_95": 0.7123555555555556
      },
      "High-Loss": {
        "auroc": 0.9337150133333333,
        "auprc": 0.6667402322441991,
        "tnr_at_95": 0.7123555555555556
      },
      "Margin": {
        "auroc": 0.9286346222222223,
        "auprc": 0.6290149799629063,
        "tnr_at_95": 0.7146222222222223
      },
      "Entropy": {
        "auroc": 0.5022455288888888,
        "auprc": 0.10244271387834915,
        "tnr_at_95": 0.0517333333333333
      },
      "AUM": {
        "auroc": 0.92605936,
        "auprc": 0.6713550242319392,
        "tnr_at_95": 0.6304000000000001
      },
      "Classifier kNN": {
        "auroc": 0.9002455555555555,
        "auprc": 0.5694644501402873,
        "tnr_at_95": 0.22973333333333334
      },
      "NRG": {
        "auroc": 0.9349037155555556,
        "auprc": 0.6738201138610329,
        "tnr_at_95": 0.7106222222222223
      },
      "Random": {
        "auroc": 0.5073042311111112,
        "auprc": 0.10226664769548209,
        "tnr_at_95": 0.05115555555555551
      }
    },
    "456": {
      "Cleanlab": {
        "auroc": 0.9372095733333332,
        "auprc": 0.6734312011283745,
        "tnr_at_95": 0.7219111111111112
      },
      "High-Loss": {
        "auroc": 0.9372095733333332,
        "auprc": 0.6734312011283745,
        "tnr_at_95": 0.7219111111111112
      },
      "Margin": {
        "auroc": 0.9332039822222223,
        "auprc": 0.6457140477772916,
        "tnr_at_95": 0.7136888888888888
      },
      "Entropy": {
        "auroc": 0.49592808888888895,
        "auprc": 0.10063726381484946,
        "tnr_at_95": 0.044222222222222274
      },
      "AUM": {
        "auroc": 0.93125192,
        "auprc": 0.6865694721050597,
        "tnr_at_95": 0.6752888888888888
      },
      "Classifier kNN": {
        "auroc": 0.9063985333333333,
        "auprc": 0.5772482356541462,
        "tnr_at_95": 0.21764444444444442
      },
      "NRG": {
        "auroc": 0.9388915022222222,
        "auprc": 0.6883518560164199,
        "tnr_at_95": 0.7256
      },
      "Random": {
        "auroc": 0.4961837688888889,
        "auprc": 0.09917732881311944,
        "tnr_at_95": 0.047911111111111127
      }
    },
    "789": {
      "Cleanlab": {
        "auroc": 0.932695448888889,
        "auprc": 0.6707897418600614,
        "tnr_at_95": 0.6940444444444445
      },
      "High-Loss": {
        "auroc": 0.932695448888889,
        "auprc": 0.6707897418600614,
        "tnr_at_95": 0.6940444444444445
      },
      "Margin": {
        "auroc": 0.9271742933333335,
        "auprc": 0.6353161147364873,
        "tnr_at_95": 0.6870666666666667
      },
      "Entropy": {
        "auroc": 0.5041278044444444,
        "auprc": 0.10158678851701747,
        "tnr_at_95": 0.05711111111111111
      },
      "AUM": {
        "auroc": 0.9260142933333333,
        "auprc": 0.6702394598810059,
        "tnr_at_95": 0.6377777777777778
      },
      "Classifier kNN": {
        "auroc": 0.9053512622222223,
        "auprc": 0.5777325101510221,
        "tnr_at_95": 0.2234666666666667
      },
      "NRG": {
        "auroc": 0.9316576533333333,
        "auprc": 0.6538287294523965,
        "tnr_at_95": 0.6916444444444445
      },
      "Random": {
        "auroc": 0.5029664,
        "auprc": 0.10217108391691106,
        "tnr_at_95": 0.052266666666666683
      }
    },
    "1024": {
      "Cleanlab": {
        "auroc": 0.93484016,
        "auprc": 0.6669367337768756,
        "tnr_at_95": 0.7073333333333334
      },
      "High-Loss": {
        "auroc": 0.93484016,
        "auprc": 0.6669367337768756,
        "tnr_at_95": 0.7073333333333334
      },
      "Margin": {
        "auroc": 0.9294481777777777,
        "auprc": 0.6323519210241496,
        "tnr_at_95": 0.7150222222222222
      },
      "Entropy": {
        "auroc": 0.49812220444444444,
        "auprc": 0.09984493101294725,
        "tnr_at_95": 0.039244444444444415
      },
      "AUM": {
        "auroc": 0.9255895822222222,
        "auprc": 0.6682102138434554,
        "tnr_at_95": 0.648
      },
      "Classifier kNN": {
        "auroc": 0.8990575911111112,
        "auprc": 0.5634810204888445,
        "tnr_at_95": 0.20866666666666667
      },
      "NRG": {
        "auroc": 0.9359615288888887,
        "auprc": 0.673296658790251,
        "tnr_at_95": 0.7178666666666667
      },
      "Random": {
        "auroc": 0.5097868622222222,
        "auprc": 0.10443708617130804,
        "tnr_at_95": 0.04431111111111108
      }
    }
  },
  "aggregated": {
    "AUM": {
      "auroc": {
        "mean": 0.9284297137777777,
        "std": 0.003179923193692661,
        "n": 5
      },
      "auprc": {
        "mean": 0.6746733054348626,
        "std": 0.006623266740609941,
        "n": 5
      },
      "tnr_at_95": {
        "mean": 0.6513066666666667,
        "std": 0.01670651473431548,
        "n": 5
      }
    },
    "Classifier kNN": {
      "auroc": {
        "mean": 0.9042961653333332,
        "std": 0.004170881426353239,
        "n": 5
      },
      "auprc": {
        "mean": 0.5755186018477791,
        "std": 0.008827462243477979,
        "n": 5
      },
      "tnr_at_95": {
        "mean": 0.22119111111111112,
        "std": 0.00741870309121181,
        "n": 5
      }
    },
    "Cleanlab": {
      "auroc": {
        "mean": 0.9356862204444445,
        "std": 0.002616307714893465,
        "n": 5
      },
      "auprc": {
        "mean": 0.674494847229392,
        "std": 0.010347793162345955,
        "n": 5
      },
      "tnr_at_95": {
        "mean": 0.7120977777777778,
        "std": 0.011022415768910002,
        "n": 5
      }
    },
    "Entropy": {
      "auroc": {
        "mean": 0.5009929137777778,
        "std": 0.0034023084276037932,
        "n": 5
      },
      "auprc": {
        "mean": 0.10103092074030615,
        "std": 0.0008960180049128486,
        "n": 5
      },
      "tnr_at_95": {
        "mean": 0.049502222222222225,
        "std": 0.006759262141044544,
        "n": 5
      }
    },
    "High-Loss": {
      "auroc": {
        "mean": 0.9356862204444445,
        "std": 0.002616307714893465,
        "n": 5
      },
      "auprc": {
        "mean": 0.674494847229392,
        "std": 0.010347793162345955,
        "n": 5
      },
      "tnr_at_95": {
        "mean": 0.7120977777777778,
        "std": 0.011022415768910002,
        "n": 5
      }
    },