{
  "experiment": "multinli_artifact_aligned_training_baselines",
  "timestamp": "20260218_212531",
  "config": {
    "dataset": "multinli",
    "n_train": 25000,
    "noise_type": "artifact_aligned",
    "noise_rate": 0.1,
    "seeds": [
      42,
      123,
      456,
      789,
      1024
    ],
    "epochs": 3,
    "model": "roberta-base",
    "num_labels": 3
  },
  "results_by_seed": {
    "42": {
      "Cleanlab": {
        "auroc": 0.5392721422222223,
        "auprc": 0.11961829450709432,
        "tnr_at_95": 0.0016444444444444484
      },
      "High-Loss": {
        "auroc": 0.5392721422222223,
        "auprc": 0.11961829450709432,
        "tnr_at_95": 0.0016444444444444484
      },
      "Margin": {
        "auroc": 0.5450350577777777,
        "auprc": 0.12219856477311511,
        "tnr_at_95": 0.0018666666666666831
      },
      "Entropy": {
        "auroc": 0.577015768888889,
        "auprc": 0.14736940076033095,
        "tnr_at_95": 0.0016444444444444484
      },
      "AUM": {
        "auroc": 0.6070370933333334,
        "auprc": 0.19408179111183732,
        "tnr_at_95": 0.0032888888888888967
      },
      "Classifier kNN": {
        "auroc": 0.6821292444444444,
        "auprc": 0.18971832833600707,
        "tnr_at_95": 0.0
      },
      "NRG": {
        "auroc": 0.6926412266666667,
        "auprc": 0.1518148038754526,
        "tnr_at_95": 0.3872444444444444
      },
      "Random": {
        "auroc": 0.5068633777777778,
        "auprc": 0.10197470164757273,
        "tnr_at_95": 0.051066666666666705
      }
    },
    "123": {
      "Cleanlab": {
        "auroc": 0.5238628711111111,
        "auprc": 0.11594108189588086,
        "tnr_at_95": 8.88888888889161e-05
      },
      "High-Loss": {
        "auroc": 0.5238628711111111,
        "auprc": 0.11594108189588086,
        "tnr_at_95": 8.88888888889161e-05
      },
      "Margin": {
        "auroc": 0.5295498844444444,
        "auprc": 0.1183695117093918,
        "tnr_at_95": 0.00022222222222223476
      },
      "Entropy": {
        "auroc": 0.5629514666666666,
        "auprc": 0.14419647592761015,
        "tnr_at_95": 8.88888888889161e-05
      },
      "AUM": {
        "auroc": 0.5941452622222223,
        "auprc": 0.1795009143479683,
        "tnr_at_95": 0.0
      },
      "Classifier kNN": {
        "auroc": 0.6539537955555556,
        "auprc": 0.16837225059233646,
        "tnr_at_95": 0.0
      },
      "NRG": {
        "auroc": 0.6875840355555556,
        "auprc": 0.14624113980327014,
        "tnr_at_95": 0.4157333333333333
      },
      "Random": {
        "auroc": 0.5073042311111112,
        "auprc": 0.10226664769548209,
        "tnr_at_95": 0.05115555555555551
      }
    },
    "456": {
      "Cleanlab": {
        "auroc": 0.5299020266666666,
        "auprc": 0.11687653057296682,
        "tnr_at_95": 0.002355555555555555
      },
      "High-Loss": {
        "auroc": 0.5299020266666666,
        "auprc": 0.11687653057296682,
        "tnr_at_95": 0.002355555555555555
      },
      "Margin": {
        "auroc": 0.5350737955555557,
        "auprc": 0.11939797154841071,
        "tnr_at_95": 0.0015555555555555323
      },
      "Entropy": {
        "auroc": 0.5661096355555556,
        "auprc": 0.14233581367989642,
        "tnr_at_95": 0.0024444444444444713
      },
      "AUM": {
        "auroc": 0.6215771733333334,
        "auprc": 0.20960764658256906,
        "tnr_at_95": 0.000488888888888872
      },
      "Classifier kNN": {
        "auroc": 0.6406998844444444,
        "auprc": 0.16142602401157358,
        "tnr_at_95": 0.0
      },
      "NRG": {
        "auroc": 0.7166484266666667,
        "auprc": 0.15806027002994505,
        "tnr_at_95": 0.4600888888888889
      },
      "Random": {
        "auroc": 0.4961837688888889,
        "auprc": 0.09917732881311944,
        "tnr_at_95": 0.047911111111111127
      }
    },
    "789": {
      "Cleanlab": {
        "auroc": 0.5227605155555556,
        "auprc": 0.11503359571214691,
        "tnr_at_95": 0.002266666666666639
      },
      "High-Loss": {
        "auroc": 0.5227605155555556,
        "auprc": 0.11503359571214691,
        "tnr_at_95": 0.002266666666666639
      },
      "Margin": {
        "auroc": 0.5275667022222222,
        "auprc": 0.11744339570982677,
        "tnr_at_95": 0.00257777777777779
      },
      "Entropy": {
        "auroc": 0.5564185599999999,
        "auprc": 0.1381937003324507,
        "tnr_at_95": 0.0022222222222222365
      },
      "AUM": {
        "auroc": 0.5799690844444445,
        "auprc": 0.16626752337646844,
        "tnr_at_95": 0.008133333333333326
      },
      "Classifier kNN": {
        "auroc": 0.6382647555555555,
        "auprc": 0.15933600062418513,
        "tnr_at_95": 0.0
      },
      "NRG": {
        "auroc": 0.6611288355555555,
        "auprc": 0.1428568476396884,
        "tnr_at_95": 0.3202222222222222
      },
      "Random": {
        "auroc": 0.5029664,
        "auprc": 0.10217108391691106,
        "tnr_at_95": 0.052266666666666683
      }
    },
    "1024": {
      "Cleanlab": {
        "auroc": 0.5129911288888889,
        "auprc": 0.11028427968328233,
        "tnr_at_95": 0.0
      },
      "High-Loss": {
        "auroc": 0.5129911288888889,
        "auprc": 0.11028427968328233,
        "tnr_at_95": 0.0
      },
      "Margin": {
        "auroc": 0.5183292444444444,
        "auprc": 0.11249129409832434,
        "tnr_at_95": 8.88888888889161e-05
      },
      "Entropy": {
        "auroc": 0.5475550222222221,
        "auprc": 0.13187482139551757,
        "tnr_at_95": 0.0
      },
      "AUM": {
        "auroc": 0.6015660355555555,
        "auprc": 0.19150041585581662,
        "tnr_at_95": 0.0005333333333333856
      },
      "Classifier kNN": {
        "auroc": 0.6498667111111112,
        "auprc": 0.17175304180557935,
        "tnr_at_95": 0.0
      },
      "NRG": {
        "auroc": 0.67133168,
        "auprc": 0.14273881552191275,
        "tnr_at_95": 0.3661333333333333
      },
      "Random": {
        "auroc": 0.5097868622222222,
        "auprc": 0.10443708617130804,
        "tnr_at_95": 0.04431111111111108
      }
    }
  },
  "aggregated": {
    "AUM": {
      "auroc": {
        "mean": 0.6008589297777778,
        "std": 0.013779508624218709,
        "n": 5
      },
      "auprc": {
        "mean": 0.18819165825493195,
        "std": 0.014563535407368522,
        "n": 5
      },
      "tnr_at_95": {
        "mean": 0.002488888888888896,
        "std": 0.003050197322093058,
        "n": 5
      }
    },
    "Classifier kNN": {
      "auroc": {
        "mean": 0.6529828782222222,
        "std": 0.01566945380585049,
        "n": 5
      },
      "auprc": {
        "mean": 0.17012112907393634,
        "std": 0.010786063060705394,
        "n": 5
      },
      "tnr_at_95": {
        "mean": 0.0,
        "std": 0.0,
        "n": 5
      }
    },
    "Cleanlab": {
      "auroc": {
        "mean": 0.5257577368888888,
        "std": 0.00866457640208995,
        "n": 5
      },
      "auprc": {
        "mean": 0.11555075647427426,
        "std": 0.0030482168422832035,
        "n": 5
      },
      "tnr_at_95": {
        "mean": 0.0012711111111111117,
        "std": 0.0010314941817158043,
        "n": 5
      }
    },
    "Entropy": {
      "auroc": {
        "mean": 0.5620100906666666,
        "std": 0.00982931386118197,
        "n": 5
      },
      "auprc": {
        "mean": 0.14079404241916116,
        "std": 0.005357298430200811,
        "n": 5
      },
      "tnr_at_95": {
        "mean": 0.0012800000000000144,
        "std": 0.001042466211667861,
        "n": 5
      }
    },
    "High-Loss": {
      "auroc": {
        "mean": 0.5257577368888888,
        "std": 0.00866457640208995,
        "n": 5
      },
      "auprc": {
        "mean": 0.11555075647427426,
        "std": 0.0030482168422832035,
        "n": 5
      },
      "tnr_at_95": {
        "mean": 0.0012711111111111117,
        "std": 0.0010314941817158043,
        "n": 5
      }
    },