{
  "experiment": "sst2_uniform_training_baselines",
  "timestamp": "20260218_152136",
  "config": {
    "dataset": "sst2",
    "n_train": 25000,
    "noise_type": "uniform",
    "noise_rate": 0.1,
    "seeds": [
      42,
      123,
      456,
      789,
      1024
    ],
    "epochs": 3,
    "model": "roberta-base",
    "num_labels": 2
  },
  "results_by_seed": {
    "42": {
      "Cleanlab": {
        "auroc": 0.974597351111111,
        "auprc": 0.852765098819309,
        "tnr_at_95": 0.8951111111111111
      },
      "High-Loss": {
        "auroc": 0.974597351111111,
        "auprc": 0.852765098819309,
        "tnr_at_95": 0.8951111111111111
      },
      "Margin": {
        "auroc": 0.9745973511111111,
        "auprc": 0.8527650988193091,
        "tnr_at_95": 0.8951111111111111
      },
      "Entropy": {
        "auroc": 0.4880670577777778,
        "auprc": 0.09619845360377031,
        "tnr_at_95": 0.04457777777777783
      },
      "AUM": {
        "auroc": 0.9715690933333334,
        "auprc": 0.863287869935428,
        "tnr_at_95": 0.8688
      },
      "Classifier kNN": {
        "auroc": 0.9460084266666668,
        "auprc": 0.7685852671497728,
        "tnr_at_95": 0.541511111111111
      },
      "NRG": {
        "auroc": 0.9751071644444445,
        "auprc": 0.8670861186663815,
        "tnr_at_95": 0.8981333333333333
      },
      "Random": {
        "auroc": 0.5068633777777778,
        "auprc": 0.10197470164757273,
        "tnr_at_95": 0.051066666666666705
      }
    },
    "123": {
      "Cleanlab": {
        "auroc": 0.9740722755555555,
        "auprc": 0.822010641585377,
        "tnr_at_95": 0.9000888888888889
      },
      "High-Loss": {
        "auroc": 0.9740722755555555,
        "auprc": 0.822010641585377,
        "tnr_at_95": 0.9000888888888889
      },
      "Margin": {
        "auroc": 0.9740722755555555,
        "auprc": 0.822010641585377,
        "tnr_at_95": 0.9000888888888889
      },
      "Entropy": {
        "auroc": 0.5041616355555555,
        "auprc": 0.10067282843812914,
        "tnr_at_95": 0.04617777777777776
      },
      "AUM": {
        "auroc": 0.9651279466666667,
        "auprc": 0.8421636813670175,
        "tnr_at_95": 0.8241777777777778
      },
      "Classifier kNN": {
        "auroc": 0.9346333777777778,
        "auprc": 0.7530816203312976,
        "tnr_at_95": 0.24062222222222218
      },
      "NRG": {
        "auroc": 0.9723221333333335,
        "auprc": 0.8524816714561255,
        "tnr_at_95": 0.9040444444444444
      },
      "Random": {
        "auroc": 0.5073042311111112,
        "auprc": 0.10226664769548209,
        "tnr_at_95": 0.05115555555555551
      }
    },
    "456": {
      "Cleanlab": {
        "auroc": 0.9739666311111111,
        "auprc": 0.8447351810190196,
        "tnr_at_95": 0.8839555555555556
      },
      "High-Loss": {
        "auroc": 0.9739666311111111,
        "auprc": 0.8447351810190196,
        "tnr_at_95": 0.8839555555555556
      },
      "Margin": {
        "auroc": 0.9739666133333333,
        "auprc": 0.8447351810190196,
        "tnr_at_95": 0.8839555555555556
      },
      "Entropy": {
        "auroc": 0.5039746488888888,
        "auprc": 0.10185020265876497,
        "tnr_at_95": 0.05324444444444443
      },
      "AUM": {
        "auroc": 0.9642435911111111,
        "auprc": 0.8457051085529909,
        "tnr_at_95": 0.8048
      },
      "Classifier kNN": {
        "auroc": 0.9330555911111111,
        "auprc": 0.7454364015804573,
        "tnr_at_95": 0.25502222222222226
      },
      "NRG": {
        "auroc": 0.9722010844444444,
        "auprc": 0.8629077042380482,
        "tnr_at_95": 0.8873333333333333
      },
      "Random": {
        "auroc": 0.4961837688888889,
        "auprc": 0.09917732881311944,
        "tnr_at_95": 0.047911111111111127
      }
    },
    "789": {
      "Cleanlab": {
        "auroc": 0.9725108888888889,
        "auprc": 0.8424070131388568,
        "tnr_at_95": 0.888311111111111
      },
      "High-Loss": {
        "auroc": 0.9725108888888889,
        "auprc": 0.8424070131388568,
        "tnr_at_95": 0.888311111111111
      },
      "Margin": {
        "auroc": 0.9725108533333333,
        "auprc": 0.8424070131388569,
        "tnr_at_95": 0.888311111111111
      },
      "Entropy": {
        "auroc": 0.5035061155555555,
        "auprc": 0.09974197132252555,
        "tnr_at_95": 0.051866666666666617
      },
      "AUM": {
        "auroc": 0.9689753422222223,
        "auprc": 0.8558286561357478,
        "tnr_at_95": 0.8486666666666667
      },
      "Classifier kNN": {
        "auroc": 0.9462944622222222,
        "auprc": 0.7687144212280405,
        "tnr_at_95": 0.5643555555555555
      },
      "NRG": {
        "auroc": 0.9715926399999999,
        "auprc": 0.8601942111758192,
        "tnr_at_95": 0.8888
      },
      "Random": {
        "auroc": 0.5029664,
        "auprc": 0.10217108391691106,
        "tnr_at_95": 0.052266666666666683
      }
    },
    "1024": {
      "Cleanlab": {
        "auroc": 0.9748565422222223,
        "auprc": 0.8430907820822897,
        "tnr_at_95": 0.9009777777777778
      },
      "High-Loss": {
        "auroc": 0.9748565422222223,
        "auprc": 0.8430907820822897,
        "tnr_at_95": 0.9009777777777778
      },
      "Margin": {
        "auroc": 0.9748565333333333,
        "auprc": 0.8430908186724018,
        "tnr_at_95": 0.9009777777777778
      },
      "Entropy": {
        "auroc": 0.4987461155555556,
        "auprc": 0.10011148452722363,
        "tnr_at_95": 0.05431111111111109
      },
      "AUM": {
        "auroc": 0.9715649422222222,
        "auprc": 0.8637502944519878,
        "tnr_at_95": 0.8618666666666667
      },
      "Classifier kNN": {
        "auroc": 0.9438636444444445,
        "auprc": 0.7685263501960046,
        "tnr_at_95": 0.5590222222222222
      },
      "NRG": {
        "auroc": 0.9709219377777778,
        "auprc": 0.850269035583834,
        "tnr_at_95": 0.9008
      },
      "Random": {
        "auroc": 0.5097868622222222,
        "auprc": 0.10443708617130804,
        "tnr_at_95": 0.04431111111111108
      }
    }
  },
  "aggregated": {
    "AUM": {
      "auroc": {
        "mean": 0.9682961831111111,
        "std": 0.003108672019810844,
        "n": 5
      },
      "auprc": {
        "mean": 0.8541471220886343,
        "std": 0.008870988574618217,
        "n": 5
      },
      "tnr_at_95": {
        "mean": 0.8416622222222221,
        "std": 0.02390928700188009,
        "n": 5
      }
    },
    "Classifier kNN": {
      "auroc": {
        "mean": 0.9407711004444446,
        "std": 0.005739366924736535,
        "n": 5
      },
      "auprc": {
        "mean": 0.7608688120971145,
        "std": 0.009782993416160068,
        "n": 5
      },
      "tnr_at_95": {
        "mean": 0.4321066666666667,
        "std": 0.15072614388148697,
        "n": 5
      }
    },
    "Cleanlab": {
      "auroc": {
        "mean": 0.9740007377777777,
        "std": 0.0008141596092567853,
        "n": 5
      },
      "auprc": {
        "mean": 0.8410017433289705,
        "std": 0.010191328676522251,
        "n": 5
      },
      "tnr_at_95": {
        "mean": 0.8936888888888888,
        "std": 0.00662976453411264,
        "n": 5
      }
    },
    "Entropy": {
      "auroc": {
        "mean": 0.4996911146666666,
        "std": 0.0061465466094269006,
        "n": 5
      },
      "auprc": {
        "mean": 0.09971498811008273,
        "std": 0.0018973956729992597,
        "n": 5
      },
      "tnr_at_95": {
        "mean": 0.05003555555555554,
        "std": 0.003914079681494264,
        "n": 5
      }
    },
    "High-Loss": {
      "auroc": {
        "mean": 0.9740007377777777,
        "std": 0.0008141596092567853,
        "n": 5
      },
      "auprc": {
        "mean": 0.8410017433289705,
        "std": 0.010191328676522251,
        "n": 5
      },
      "tnr_at_95": {
        "mean": 0.8936888888888888,
        "std": 0.00662976453411264,
        "n": 5
      }
    },