{
  "experiment": "sst2_artifact_aligned_training_baselines",
  "timestamp": "20260218_163705",
  "config": {
    "dataset": "sst2",
    "n_train": 25000,
    "noise_type": "artifact_aligned",
    "noise_rate": 0.1,
    "seeds": [
      42,
      123,
      456,
      789,
      1024
    ],
    "epochs": 3,
    "model": "roberta-base",
    "num_labels": 2
  },
  "results_by_seed": {
    "42": {
      "Cleanlab": {
        "auroc": 0.09492883555555558,
        "auprc": 0.05528288004356279,
        "tnr_at_95": 0.012088888888888927
      },
      "High-Loss": {
        "auroc": 0.09492883555555558,
        "auprc": 0.05528288004356279,
        "tnr_at_95": 0.012088888888888927
      },
      "Margin": {
        "auroc": 0.09492825777777777,
        "auprc": 0.05526896090016883,
        "tnr_at_95": 0.012177777777777732
      },
      "Entropy": {
        "auroc": 0.09505732444444445,
        "auprc": 0.05527290758683814,
        "tnr_at_95": 0.012177777777777732
      },
      "AUM": {
        "auroc": 0.09524999111111111,
        "auprc": 0.054956528443898624,
        "tnr_at_95": 8.88888888889161e-05
      },
      "Classifier kNN": {
        "auroc": 0.4408888888888889,
        "auprc": 0.1,
        "tnr_at_95": 0.0
      },
      "NRG": {
        "auroc": 0.46413283555555557,
        "auprc": 0.08768346186803672,
        "tnr_at_95": 0.2254666666666667
      },
      "Random": {
        "auroc": 0.5068633777777778,
        "auprc": 0.10197470164757273,
        "tnr_at_95": 0.051066666666666705
      }
    },
    "123": {
      "Cleanlab": {
        "auroc": 0.15183412444444447,
        "auprc": 0.057528976920269224,
        "tnr_at_95": 0.018577777777777804
      },
      "High-Loss": {
        "auroc": 0.15183412444444447,
        "auprc": 0.057528976920269224,
        "tnr_at_95": 0.018577777777777804
      },
      "Margin": {
        "auroc": 0.15183498666666667,
        "auprc": 0.05752124200377109,
        "tnr_at_95": 0.018577777777777804
      },
      "Entropy": {
        "auroc": 0.1523386488888889,
        "auprc": 0.05754218434708958,
        "tnr_at_95": 0.01866666666666672
      },
      "AUM": {
        "auroc": 0.11460426666666666,
        "auprc": 0.05573246638404489,
        "tnr_at_95": 0.0002666666666666373
      },
      "Classifier kNN": {
        "auroc": 0.44106666666666666,
        "auprc": 0.1,
        "tnr_at_95": 0.0
      },
      "NRG": {
        "auroc": 0.45418579555555555,
        "auprc": 0.08534483935376344,
        "tnr_at_95": 0.19008888888888886
      },
      "Random": {
        "auroc": 0.5073042311111112,
        "auprc": 0.10226664769548209,
        "tnr_at_95": 0.05115555555555551
      }
    },
    "456": {
      "Cleanlab": {
        "auroc": 0.1598469777777778,
        "auprc": 0.058158209429792024,
        "tnr_at_95": 0.007511111111111135
      },
      "High-Loss": {
        "auroc": 0.1598469777777778,
        "auprc": 0.058158209429792024,
        "tnr_at_95": 0.007511111111111135
      },
      "Margin": {
        "auroc": 0.15984764444444446,
        "auprc": 0.058149143272198785,
        "tnr_at_95": 0.007511111111111135
      },
      "Entropy": {
        "auroc": 0.16015727999999999,
        "auprc": 0.05816214512804873,
        "tnr_at_95": 0.007511111111111135
      },
      "AUM": {
        "auroc": 0.10691580444444446,
        "auprc": 0.05566312809979902,
        "tnr_at_95": 0.009911111111111093
      },
      "Classifier kNN": {
        "auroc": 0.44024444444444444,
        "auprc": 0.1,
        "tnr_at_95": 0.0
      },
      "NRG": {
        "auroc": 0.4389158577777778,
        "auprc": 0.08332026737272609,
        "tnr_at_95": 0.20640000000000003
      },
      "Random": {
        "auroc": 0.4961837688888889,
        "auprc": 0.09917732881311944,
        "tnr_at_95": 0.047911111111111127
      }
    },
    "789": {
      "Cleanlab": {
        "auroc": 0.11848177777777778,
        "auprc": 0.05635156407303426,
        "tnr_at_95": 0.024622222222222212
      },
      "High-Loss": {
        "auroc": 0.11848177777777778,
        "auprc": 0.05635156407303426,
        "tnr_at_95": 0.024622222222222212
      },
      "Margin": {
        "auroc": 0.11848217777777778,
        "auprc": 0.05633960017978534,
        "tnr_at_95": 0.024622222222222212
      },
      "Entropy": {
        "auroc": 0.11855773333333335,
        "auprc": 0.05634131092267156,
        "tnr_at_95": 0.024622222222222212
      },
      "AUM": {
        "auroc": 0.13026708444444443,
        "auprc": 0.05633649049937852,
        "tnr_at_95": 4.444444444440254e-05
      },
      "Classifier kNN": {
        "auroc": 0.43620000000000003,
        "auprc": 0.1,
        "tnr_at_95": 0.0
      },
      "NRG": {
        "auroc": 0.5284738488888889,
        "auprc": 0.09984244238461339,
        "tnr_at_95": 0.25555555555555554
      },
      "Random": {
        "auroc": 0.5029664,
        "auprc": 0.10217108391691106,
        "tnr_at_95": 0.052266666666666683
      }
    },
    "1024": {
      "Cleanlab": {
        "auroc": 0.1530381511111111,
        "auprc": 0.05815856232690889,
        "tnr_at_95": 0.018488888888888888
      },
      "High-Loss": {
        "auroc": 0.1530381511111111,
        "auprc": 0.05815856232690889,
        "tnr_at_95": 0.018488888888888888
      },
      "Margin": {
        "auroc": 0.15303857777777777,
        "auprc": 0.058149888169330324,
        "tnr_at_95": 0.018488888888888888
      },
      "Entropy": {
        "auroc": 0.15321518222222222,
        "auprc": 0.05815597491439833,
        "tnr_at_95": 0.018488888888888888
      },
      "AUM": {
        "auroc": 0.16756486222222222,
        "auprc": 0.05895857926321278,
        "tnr_at_95": 0.027822222222222193
      },
      "Classifier kNN": {
        "auroc": 0.44106666666666666,
        "auprc": 0.1,
        "tnr_at_95": 0.0
      },
      "NRG": {
        "auroc": 0.4478903466666666,
        "auprc": 0.0840793990821408,
        "tnr_at_95": 0.24515555555555557
      },
      "Random": {
        "auroc": 0.5097868622222222,
        "auprc": 0.10443708617130804,
        "tnr_at_95": 0.04431111111111108
      }
    }
  },
  "aggregated": {
    "AUM": {
      "auroc": {
        "mean": 0.12292040177777779,
        "std": 0.025052179386355355,
        "n": 5
      },
      "auprc": {
        "mean": 0.05632943853806677,
        "std": 0.001385471628166417,
        "n": 5
      },
      "tnr_at_95": {
        "mean": 0.007626666666666648,
        "std": 0.010784775735003527,
        "n": 5
      }
    },
    "Classifier kNN": {
      "auroc": {
        "mean": 0.4398933333333333,
        "std": 0.0018712852914441601,
        "n": 5
      },
      "auprc": {
        "mean": 0.1,
        "std": 0.0,
        "n": 5
      },
      "tnr_at_95": {
        "mean": 0.0,
        "std": 0.0,
        "n": 5
      }
    },
    "Cleanlab": {
      "auroc": {
        "mean": 0.13562597333333332,
        "std": 0.024910743137264713,
        "n": 5
      },
      "auprc": {
        "mean": 0.057096038558713445,
        "std": 0.001121283675360102,
        "n": 5
      },
      "tnr_at_95": {
        "mean": 0.016257777777777795,
        "std": 0.005902677358622936,
        "n": 5
      }
    },
    "Entropy": {
      "auroc": {
        "mean": 0.13586523377777776,
        "std": 0.02500932890703964,
        "n": 5
      },
      "auprc": {
        "mean": 0.05709490457980927,
        "std": 0.0011271653184376958,
        "n": 5
      },
      "tnr_at_95": {
        "mean": 0.016293333333333337,
        "std": 0.005897266996218788,
        "n": 5
      }
    },
    "High-Loss": {
      "auroc": {
        "mean": 0.13562597333333332,
        "std": 0.024910743137264713,
        "n": 5
      },
      "auprc": {
        "mean": 0.057096038558713445,
        "std": 0.001121283675360102,
        "n": 5
      },
      "tnr_at_95": {
        "mean": 0.016257777777777795,
        "std": 0.005902677358622936,
        "n": 5
      }
    },